Date,Volume,Open,Close,High,Low
2025-02-24 - 2025-03-03,20628287,113.585,120.44,124.39,112.04
2025-02-17 - 2025-02-24,54210648,125.155,113.69,125.2999,112
2025-02-11 - 2025-02-18,48289564,126.815,131.34,133.33,122.91
2025-02-03 - 2025-02-10,41411285,117.64,124.16,126.75,112.3
2025-01-27 - 2025-02-03,52316560,105.8,114.27,115.98,104.8
2025-01-20 - 2025-01-27,35462190,109.85,111.91,116.69,107.7
2025-01-14 - 2025-01-21,31680042,108.065,111.34,111.77,101.38
2025-01-06 - 2025-01-13,36205225,95.04,105.57,106.74,94.14
2024-12-30 - 2025-01-06,30599338,101.41,94.68,103.3,94.62
2024-12-26 - 2025-01-02,9464525,95.59,96.82,98.48,95.5
2024-12-23 - 2024-12-30,17059675,96.8,96.99,98.3,94.25
2024-12-16 - 2024-12-23,17816122,99.51,97.45,100.715,96.45
2024-12-09 - 2024-12-16,43793384,100.77,99.51,103.66,97.36
2024-12-02 - 2024-12-09,60244951,108.7,102.27,113.92,99.2
2024-11-25 - 2024-12-02,45257356,96.88,99.89,100.74,96.515
2024-11-18 - 2024-11-25,36653721,99.05,96.56,101.9,95.86
2024-11-11 - 2024-11-18,84516190,116.47,100.07,118.08,98.26
2024-11-04 - 2024-11-11,37245311,118.09,114,118.14,110.01
2024-10-28 - 2024-11-04,45217699,121,117.81,127.27,115.86
2024-10-25 - 2024-11-01,3578955,120,120.56,121.8,119.72
2024-10-21 - 2024-10-28,27775641,123.77,120.59,127.36,117.8
2024-10-14 - 2024-10-21,44655742,122.87,122.47,135.26,120.91
2024-10-07 - 2024-10-14,64285915,140.54,124.62,142.39,122.32
2024-09-30 - 2024-10-07,79929298,154.48,144.76,155.375,138.1
2024-09-24 - 2024-10-01,98961149,134.22,154.27,155.67,133.71
2024-09-23 - 2024-09-30,33855053,141.9,134.81,142.99,133.23
2024-09-16 - 2024-09-23,133688385,100.86,135.38,138.96,100.44
2024-09-09 - 2024-09-16,38508680,94.65,99.9,102,93.99
2024-09-02 - 2024-09-09,52853356,92.28,94.99,99.14,90.2
2024-08-27 - 2024-09-03,53384491,94.99,93.3,98.75,90.16
2024-08-19 - 2024-08-26,253094313,110.2,96.11,111.67,88.01
2024-08-12 - 2024-08-19,44706141,150.355,139.87,152.22,138.14
2024-08-05 - 2024-08-12,36205871,138.04,149.29,150.87,137.1
2024-07-29 - 2024-08-05,29998060,122.35,138.04,139.255,122.0719
2024-07-25 - 2024-08-01,9024218,127.86,127.41,131.46,124.37
2024-07-22 - 2024-07-29,21057054,127.68,128.89,129.72,123.01
2024-07-15 - 2024-07-22,18159056,135.88,130.8,136.77,128
2024-07-08 - 2024-07-15,31754173,137.31,133.04,139.43,130.247
2024-07-01 - 2024-07-08,27957508,135.36,142.42,145.06,133.3825
2024-06-24 - 2024-07-01,19389764,133.55,136.19,138.6,130.05
2024-06-17 - 2024-06-24,39889508,142.06,132.95,144.9576,131.36
2024-06-10 - 2024-06-17,30508428,149.23,143.86,150.45,140.36
2024-06-03 - 2024-06-10,34679714,143.66,148.98,152.9,143.08
2024-05-27 - 2024-06-03,35799781,147.94,143.9,149.88,140.31
2024-05-21 - 2024-05-28,45424103,158.92,149.78,160,145.4
2024-05-13 - 2024-05-20,95454991,147.65,157.57,164.69,144.12
2024-05-06 - 2024-05-13,46438643,139.41,146.19,149.42,136.8
2024-04-29 - 2024-05-06,27792849,141.65,136.27,142.32,135.4
2024-04-24 - 2024-05-01,36461094,125.09,140.18,140.21,122.5601
2024-04-22 - 2024-04-29,11956860,128.53,125.18,129.79,124.53
2024-04-15 - 2024-04-22,51408660,114.05,129.31,130.29,113.36
2024-04-08 - 2024-04-15,30318208,116.88,113.49,116.88,110.65
2024-04-01 - 2024-04-08,27272147,114.72,115.5,122.67,113.84
2024-03-25 - 2024-04-01,24858133,117.9,117.87,121.36,116.17
2024-03-18 - 2024-03-25,36884563,123.5,116.25,124.06,113.84
2024-03-11 - 2024-03-18,97398818,126,122.99,148.2999,120.25
2024-03-04 - 2024-03-11,52772910,114.21,123.74,127.85,111.68
2024-02-26 - 2024-03-04,44774666,126.85,110.34,126.9,108.87
2024-02-23 - 2024-03-01,4476779,126.9,126.85,129.08,126.35
2024-02-19 - 2024-02-26,22848973,123.18,124.54,130.79,121.25
2024-02-13 - 2024-02-20,27030960,135,127.69,135.07,124.18
2024-02-05 - 2024-02-12,28817307,129.09,135.26,139.06,128.15
2024-01-29 - 2024-02-05,34363020,121.8,127.48,129.94,120.2
2024-01-25 - 2024-02-01,11800712,127.22,124.59,129.155,122.25
2024-01-22 - 2024-01-29,50747143,137.08,126.87,137.1114,123.54
2024-01-15 - 2024-01-22,32416930,138.75,141.77,147.34,138.55
2024-01-09 - 2024-01-16,30912914,145.78,143.64,146.35,136
2024-01-01 - 2024-01-08,28740707,144.01,148.63,152.99,143.28
2023-12-26 - 2024-01-02,24242635,143.88,146.53,150.37,141.9
2023-12-19 - 2023-12-26,15423027,146.78,146.31,147.66,142.52
2023-12-11 - 2023-12-18,29661033,147.25,144.48,150.66,139.68
2023-12-04 - 2023-12-11,42277257,138.73,148.35,149.63,137.31
2023-11-27 - 2023-12-04,39068215,141.35,138.96,145.4286,136.22
2023-11-24 - 2023-12-01,9146997,143.32,145.27,146.3,142.44
2023-11-20 - 2023-11-27,73136967,118.7,147.44,147.65,115.83
2023-11-13 - 2023-11-20,26129611,115.99,118.7,120.31,115.4
2023-11-06 - 2023-11-13,30528138,110.94,115.15,117.05,107.05
2023-10-30 - 2023-11-06,22500003,108.1,109.04,110.88,104.82
2023-10-25 - 2023-11-01,21529539,101.09,106.42,108.26,98.08
2023-10-23 - 2023-10-30,19513870,109.6,101.42,109.64,97.94
2023-10-16 - 2023-10-23,36146775,101.94,108.28,112.77,101.61
2023-10-09 - 2023-10-16,25864687,105.91,102.78,107.46,102.26
2023-10-02 - 2023-10-09,36572215,106.41,106.1,111.68,104.88
2023-09-25 - 2023-10-02,38080527,98.16,105.64,107.59,96.45
2023-09-18 - 2023-09-25,29152372,92.89,98.07,99.55,92.61
2023-09-11 - 2023-09-18,33618542,98.93,95.93,100.35,91.21
2023-09-04 - 2023-09-11,47781117,97.5,99.46,100.4,95.74
2023-08-29 - 2023-09-05,47290846,99.33,95.34,103.56,92.79
2023-08-25 - 2023-09-01,12766749,100,103.29,103.6,99.21
2023-08-21 - 2023-08-28,90923211,81.5,98.97,100.7136,79
2023-08-14 - 2023-08-21,40452075,76.58,79.91,81.15,75.44
2023-08-07 - 2023-08-14,31275143,81.165,76.98,82.19,75.77
2023-07-31 - 2023-08-07,36740946,87.52,81.55,88.22,80.47
2023-07-25 - 2023-08-01,37054934,87.96,87.52,92.79,83.105
2023-07-24 - 2023-07-31,8431198,89.12,89.82,90.925,87.27
2023-07-17 - 2023-07-24,53440829,75.4,89.35,89.485,74.61
2023-07-10 - 2023-07-17,46223713,77.1,75.97,79.6699,74.48
2023-07-03 - 2023-07-10,54395308,70,79.49,81.51,69.06
2023-06-26 - 2023-07-03,26225658,71.77,70,73.04,67.55
2023-06-19 - 2023-06-26,29723830,70.24,69.14,73.47,66.401
2023-06-13 - 2023-06-20,36967904,75.57,69.8,76.01,68.575
2023-06-05 - 2023-06-12,46990351,76,79.87,83.4,75.2437
2023-05-29 - 2023-06-05,47537797,69.12,76.16,77.99,66.63
2023-05-25 - 2023-06-01,23540898,63.86,69.54,72,63.84
2023-05-23 - 2023-05-30,25083949,71.915,65.32,72.06,62.53
2023-05-15 - 2023-05-22,59755925,61.93,71.42,71.5,59.98
2023-05-08 - 2023-05-15,40215743,65.2,60.53,67.203525,60.01
2023-05-01 - 2023-05-08,41118493,62.87,63.32,65.7,59.67
2023-04-24 - 2023-05-01,30418119,67.69,63.06,69.46,62.75
2023-04-17 - 2023-04-24,38438234,68.755,68.15,68.81,63.58
2023-04-10 - 2023-04-17,31035005,69.34,69.23,71.98,67.86
2023-04-03 - 2023-04-10,40123557,71,67.68,72.44,66.74
2023-03-27 - 2023-04-03,22630609,74.07,72.03,74.9,71.16
2023-03-20 - 2023-03-27,62707685,72.25,75.9,78.58,70.13
2023-03-13 - 2023-03-20,91850351,79.93,73.96,82.84,72.6
2023-03-06 - 2023-03-13,56945666,84.73,91.94,95.31,84.73
2023-02-27 - 2023-03-06,38723056,94.62,85.73,96.49,83.62
2023-02-22 - 2023-03-01,29561691,92.65,95.69,97.63,89.96
2023-02-20 - 2023-02-27,18811619,85.75,87.73,90.08,84.555
2023-02-14 - 2023-02-21,49097879,86.223,83.72,88.53,81.82
2023-02-06 - 2023-02-13,37092406,94.99,93.42,98.17,91.9
2023-01-30 - 2023-02-06,34884758,92.12,92.45,96.8914,90.04
2023-01-25 - 2023-02-01,23250904,102.31,95.65,104.95,95.36
2023-01-23 - 2023-01-30,17674612,99.61,97.98,101.195,95.78
2023-01-16 - 2023-01-23,29131879,93.5,104.68,106.38,93.5
2023-01-10 - 2023-01-17,29249987,94.505,92.84,97.58,89.36
2023-01-02 - 2023-01-09,32062147,99.005,97,99.3,91.76
2022-12-27 - 2023-01-03,48536127,85.51,95.96,96.75,84.2301
2022-12-20 - 2022-12-27,30274226,85.09,81.55,88.57,78.82
2022-12-12 - 2022-12-19,32012979,87.17,84.03,87.8499,83.64
2022-12-05 - 2022-12-12,46551445,87.27,87.03,93.16,85.53
2022-11-28 - 2022-12-05,68992129,88.95,89.71,92.03,83.1
2022-11-24 - 2022-12-01,32296422,79.24,86.34,88.13,78.9
2022-11-21 - 2022-11-28,77285956,74.78,82.04,84.27,73.55
2022-11-14 - 2022-11-21,29570978,68.43,65.75,69.55,64.17
2022-11-07 - 2022-11-14,58987986,67.59,70.15,72.74,63
2022-10-31 - 2022-11-07,60712167,63.01,65.18,68.6,58.12
2022-10-25 - 2022-11-01,62127023,59.63,61.89,62.9,52
2022-10-24 - 2022-10-31,13403335,52.28,54.83,56.23,52.17
2022-10-17 - 2022-10-24,155498990,48.15,52.95,55.8499,38.8
2022-10-10 - 2022-10-17,55323930,54.62,58.97,60.08,54.15
2022-10-03 - 2022-10-10,46390234,61.5,52.92,61.97,52.6462
2022-09-26 - 2022-10-03,30180242,62.41,63.56,68.1247,60.7563
2022-09-19 - 2022-09-26,43725200,61.48,62.58,64.86,58.79
2022-09-12 - 2022-09-19,41628851,64.03,60.05,67.99,59.52
2022-09-05 - 2022-09-12,44710498,70.14,65.67,71.62,63.36
2022-08-30 - 2022-09-06,41146380,70.04,69.76,71.39,63.84
2022-08-25 - 2022-09-01,32706808,69.45,72.19,73.02,67.99
2022-08-22 - 2022-08-29,145526842,65.04,71.3,72.19,63.9
2022-08-15 - 2022-08-22,80722338,46.12,57.57,63.69,45.58
2022-08-08 - 2022-08-15,28321027,47.78,45.76,51.43,45.6
2022-08-01 - 2022-08-08,41401235,49.2,48.8,52.29,44.85
2022-07-25 - 2022-08-01,43602100,47.48,50.25,54.03,44.82
2022-07-18 - 2022-07-25,41467150,54.98,49.01,56.8,47.55
2022-07-11 - 2022-07-18,35170352,56.02,54.38,58.24,52.18
2022-07-04 - 2022-07-11,47201312,57.762,54.71,58.08,52.52
2022-06-28 - 2022-07-05,37444818,63.8255,60.8,66.67,59.82
2022-06-24 - 2022-07-01,8121507,61.81,64.82,64.99,61.08
2022-06-20 - 2022-06-27,35728918,67.6,61.8,68.71,59.43
2022-06-14 - 2022-06-21,59098372,61.795,65.96,66.75,60.31
2022-06-06 - 2022-06-13,81354142,56.7165,59,62.76,52.5601
2022-05-30 - 2022-06-06,118173640,55.17,59.95,66.5288,53.3821
2022-05-25 - 2022-06-01,34219993,49.51,50.9,52.9474,48.06
2022-05-24 - 2022-05-31,26051042,51.92,50.35,52.7899,48.86
2022-05-16 - 2022-05-23,68558542,40.69,48.3,48.37,36.29
2022-05-09 - 2022-05-16,61581806,38.555,40.9,44.05,37.04
2022-05-02 - 2022-05-09,57872470,36.33,37.72,38.0738,31.01
2022-04-25 - 2022-05-02,44640687,42.31,38.19,45.63,37.5
2022-04-18 - 2022-04-25,87010806,33.09,43.09,45.7,32.525
2022-04-11 - 2022-04-18,61609445,38.5,34.73,40.12,34.38
2022-04-04 - 2022-04-11,57157385,41.81,40.03,45.22,39.85
2022-03-28 - 2022-04-04,89691619,46.85,42.6,49.87,41.19
2022-03-25 - 2022-04-01,29336665,44.52,42.65,45.8,41.69
2022-03-21 - 2022-03-28,81659525,44.99,40.11,47,39.84
2022-03-14 - 2022-03-21,229720552,44.94,44.24,55.38,38.5
2022-03-07 - 2022-03-14,245098468,27.97,42.6,45.97,23.21
2022-02-28 - 2022-03-07,68073148,40.1,32.13,43.83,32.09
2022-02-22 - 2022-03-01,34136894,51.68,41.27,54.79,40.9
2022-02-21 - 2022-02-28,5541816,50.72,51.86,52.24,49.87
2022-02-15 - 2022-02-22,34665399,53.73,51.65,56.6,47.57
2022-02-07 - 2022-02-14,28685303,58.57,56.03,63.14,54.76
2022-01-31 - 2022-02-07,40106788,55.4,60,65.18,53.24
2022-01-25 - 2022-02-01,20212745,59.74,55.85,60.87,54.23
2022-01-24 - 2022-01-31,10644147,54.35,59.84,59.97,54.1
2022-01-17 - 2022-01-24,41961863,60,53.05,61.62,49.09
2022-01-11 - 2022-01-18,40620277,58.32,62.41,71.27,58.21
2022-01-03 - 2022-01-10,39741746,56.345,60.41,63.78,54.2
2021-12-27 - 2022-01-03,58075066,58.35,55.9,58.87,47.67
2021-12-20 - 2021-12-27,26463748,57.45,58.3,60.49,52.53
2021-12-13 - 2021-12-20,24189386,56.12,57.71,59.73,54
2021-12-06 - 2021-12-13,35974698,62.855,58.06,63.01,54.07
2021-11-29 - 2021-12-06,55212684,54.73,63.62,65.27,52
2021-11-24 - 2021-12-01,47728530,68.42,54.44,68.84,51.91
2021-11-22 - 2021-11-29,24945248,68.17,66.5,72.38,65.9
2021-11-15 - 2021-11-22,45316687,81.93,68.46,84.06,65.51
2021-11-08 - 2021-11-15,29016612,94.76,81.87,95.1,81.37
2021-11-01 - 2021-11-08,30028368,84.06,95,95.58,82.1326
2021-10-25 - 2021-11-01,23838004,89.05,83.67,94.29,83.06
2021-10-18 - 2021-10-25,22876691,99.55,88.92,102.02,88.5
2021-10-11 - 2021-10-18,31884980,93.25,99.08,104.3,92.85
2021-10-04 - 2021-10-11,26690099,99.82,94.01,100.29,92.31
2021-09-27 - 2021-10-04,29639384,85.876,96.22,97,83.75
2021-09-24 - 2021-10-01,4146664,90.54,88.15,91.53,87.58
2021-09-20 - 2021-09-27,28809087,92.86,90.67,96.55,87.55
2021-09-13 - 2021-09-20,26393879,96.89,94.55,99.68,91.61
2021-09-06 - 2021-09-13,30995150,102.1512,100.73,104.86,96.645
2021-08-31 - 2021-09-07,34456466,106.29,103.75,109,101.26
2021-08-25 - 2021-09-01,33485107,100.3,102.23,109.79,100
2021-08-23 - 2021-08-30,22326262,94.3,100.02,101.17,90.17
2021-08-16 - 2021-08-23,75876503,79,94.63,99.77,76.38
2021-08-09 - 2021-08-16,39336338,82.64,77.29,83.07,74.12
2021-08-02 - 2021-08-09,21010925,88.4,84.38,95.51,83.68
2021-07-26 - 2021-08-02,24836050,91.72,87.45,93.19,86.06
2021-07-19 - 2021-07-26,83126805,89.74,91.61,96.38,77.66
2021-07-12 - 2021-07-19,33920371,105.7338,97.31,106.25,95.97
2021-07-05 - 2021-07-12,30304071,110.52,107.45,114.88,105.46
2021-06-29 - 2021-07-06,33409786,115.44,111.07,115.44,103.3
2021-06-24 - 2021-07-01,12915050,128.02,119.2,128.6,118.03
2021-06-21 - 2021-06-28,24459617,127.32,127.02,133.81,122.56
2021-06-14 - 2021-06-21,31251107,124.43,127.6,130.47,116.97
2021-06-07 - 2021-06-14,27548231,122.01,124.97,128.67,119.15
2021-05-31 - 2021-06-07,26822236,130.01,121.97,131.69,120.96
2021-05-25 - 2021-06-01,37391772,132.545,132.17,143.11,131.51
2021-05-17 - 2021-05-24,53254719,130.71,124.88,137.23,119.05
2021-05-10 - 2021-05-17,24995413,117.345,129.29,132.99,115.27
2021-05-03 - 2021-05-10,44366099,127.5,118.33,128.86,112.33
2021-04-26 - 2021-05-03,17614151,133.0524,133.79,137.8,129.4091
2021-04-19 - 2021-04-26,18159604,135.21,133.93,144.3487,133.33
2021-04-12 - 2021-04-19,26989038,132.99,138.61,140.33,122.97
2021-04-05 - 2021-04-12,22319463,135.98,133.32,138.47,131.01
2021-03-29 - 2021-04-05,27731065,143.75,137.62,152.06,136.02
2021-03-25 - 2021-04-01,11108994,141.012,143.93,147.45,140.7
2021-03-22 - 2021-03-29,18881623,130.75,133.88,138.99,128.61
2021-03-15 - 2021-03-22,64820647,142.145,131.29,142.48,121.22
2021-03-08 - 2021-03-15,41026876,158.7,141.8,169.45,138.2
2021-03-01 - 2021-03-08,48781196,153.15,161.06,164.05,136
2021-02-22 - 2021-03-01,39826466,181.5,156.82,188.07,148.84
2021-02-15 - 2021-02-22,36815845,189.99,171.16,196.44,166.22
2021-02-09 - 2021-02-16,21145030,211.6,195.98,212.5965,192.03
2021-02-01 - 2021-02-08,21073361,197.0683,196.59,208.0999,187.52
2021-01-25 - 2021-02-01,30443249,173.53,196.16,204.775,169.45
2021-01-18 - 2021-01-25,30413635,181.45,165.71,195.11,164.64
2021-01-12 - 2021-01-19,21679127,166.89,171.89,181.7,166.55
2021-01-04 - 2021-01-11,38256030,170.94,161.2,174.89,157.8
2020-12-28 - 2021-01-04,53129282,176.75,180.77,187.7,166.18
2020-12-21 - 2020-12-28,67772595,154.24,177.67,182.68,143.1
2020-12-14 - 2020-12-21,29153265,146.28,152.75,156.98,136.75
2020-12-07 - 2020-12-14,26123630,144.68,149.62,153.41,138.575
2020-11-30 - 2020-12-07,39382894,146.67,147.65,163.1,141.46
2020-11-24 - 2020-12-01,25573086,139.81,146.4,150.95,129.19
2020-11-23 - 2020-11-30,9429302,141.39,138.75,141.79,132
2020-11-16 - 2020-11-23,33819294,145.94,144.05,148.94,133.12
2020-11-09 - 2020-11-16,72815980,146.28,143.55,149.05,128.8
2020-11-02 - 2020-11-09,90627611,112.58,151.7,155.61,96.54
2020-10-26 - 2020-11-02,39075519,91.91,114.53,116.79,88.69
2020-10-19 - 2020-10-26,23084340,86.26,89.98,97.25,85.56
2020-10-12 - 2020-10-19,27174311,84.9,86.91,93.19,83.25
2020-10-05 - 2020-10-12,26316176,81.88,84.02,87.1,79.81
2020-09-28 - 2020-10-05,39358906,72.2,79.54,79.75,69.89
2020-09-24 - 2020-10-01,9229133,74.88,71.4,74.95,71.28
2020-09-21 - 2020-09-28,17837028,75.61,74.15,76.03,72.44
2020-09-14 - 2020-09-21,37839381,77.9,74.33,80.59,72.15
2020-09-07 - 2020-09-14,32157417,85.74,79.81,86.79,77.6
2020-09-01 - 2020-09-08,26552590,81.62,84.74,87.549,79.58
2020-08-25 - 2020-09-01,33957726,89.37,85.04,93.91,80.57
2020-08-24 - 2020-08-31,8052729,89.23,88.94,89.75,87.8
2020-08-17 - 2020-08-24,54889144,85.62,89.2,92.02,82.4
2020-08-10 - 2020-08-17,82340654,90.79,84,98.2,83.36
2020-08-03 - 2020-08-10,22551852,89.41,85.04,91.13,84.01
2020-07-27 - 2020-08-03,30275128,92.97,88.2,98.43,87.32
2020-07-20 - 2020-07-27,33082124,79.27,91.56,92.65,77.53
2020-07-13 - 2020-07-20,35739752,81.27,78.95,87.27,76
2020-07-06 - 2020-07-13,43694300,92.805,82.47,94.94,80.09
2020-06-29 - 2020-07-06,61965719,97.68,87.3,98.96,83.3
2020-06-24 - 2020-07-01,25651890,86.14,93,95.48,83
2020-06-22 - 2020-06-29,12338051,84.74,85.91,90.48,83.405
2020-06-15 - 2020-06-22,42359625,88.39,85.18,88.56,80.62
2020-06-08 - 2020-06-15,54355658,74.32,87.66,89.25,72.31
2020-06-01 - 2020-06-08,33001280,70.9534,73.11,75.33,67.07
2020-05-25 - 2020-06-01,35038779,65.9,69.7,73.17,64.8
2020-05-19 - 2020-05-26,36796910,64.9,66.905,69.67,59.56
2020-05-11 - 2020-05-18,62785292,62.59,68.9,69.5,57.02
2020-05-04 - 2020-05-11,38497750,54.5,61.3,62.91,53.84
2020-04-27 - 2020-05-04,28137645,46.04,54.6,55.12,45.08
2020-04-24 - 2020-05-01,5382554,46.47,45.43,46.97,44.8
2020-04-20 - 2020-04-27,19978705,51.09,47.44,51.88,46.75
2020-04-13 - 2020-04-20,17027545,45.24,50.205,51.48,45.07
2020-04-06 - 2020-04-13,29468682,40.9735,44.11,46.49,40.8
2020-03-30 - 2020-04-06,35481750,37.635,41.04,41.83,37.41
2020-03-25 - 2020-04-01,20351618,35.75,36.59,37.65,33.9
2020-03-23 - 2020-03-30,7687068,35.32,36.02,36.71,35.24
2020-03-16 - 2020-03-23,26715525,34.075,35.54,38.78,32.66
2020-03-09 - 2020-03-16,30495467,31.1497,33.755,35.73,30.2
2020-03-02 - 2020-03-09,57842579,36.76,33.56,38.13,32.5
2020-02-24 - 2020-03-02,31474719,36.97,36.58,37.6,35.29
2020-02-17 - 2020-02-24,50333406,32.989,35.33,35.84,32.82
2020-02-10 - 2020-02-17,28044341,37.12,34.47,37.6796,34.47
2020-02-04 - 2020-02-11,21331695,34.93,37.135,37.72,34.75
2020-01-27 - 2020-02-03,20123019,35.22,36.195,37.29,34.37
2020-01-20 - 2020-01-27,21251376,35.3279,35.06,37.51,34.6
2020-01-13 - 2020-01-20,22466706,39.43,37.11,40.739,36.58
2020-01-06 - 2020-01-13,29231710,38.42,39.47,40.46,37.69
2019-12-30 - 2020-01-06,26579163,40.13,38.26,41.85,37.81
2019-12-25 - 2020-01-01,14530426,37.82,40.75,41.65,37.6
2019-12-23 - 2019-12-30,4127593,39.24,37.875,39.62,37.6
2019-12-16 - 2019-12-23,9503333,37.24,39.23,39.51,37
2019-12-09 - 2019-12-16,16511697,36.86,37.39,39.33,36.7
2019-12-02 - 2019-12-09,16814798,37.4,36.53,38.79,36.51
2019-11-25 - 2019-12-02,21040232,35.72,37.64,37.7,34.51
2019-11-18 - 2019-11-25,35494281,35.1042,35.98,37.78,35
2019-11-11 - 2019-11-18,97258266,43.33,34.11,43.36,30.26
2019-11-04 - 2019-11-11,22186576,42.39,42.74,43.09,40.01
2019-10-28 - 2019-11-04,22959777,42.3499,43.185,45.23,41.96
2019-10-25 - 2019-11-01,5057477,41.75,41.33,42.43,41.2
2019-10-21 - 2019-10-28,22113157,41.3172,40.58,42.85,39.53
2019-10-14 - 2019-10-21,38985413,33.93,40.795,41.99,33.66
2019-10-07 - 2019-10-14,15446368,32.745,33.435,34.64,32.47
2019-09-30 - 2019-10-07,19778309,33.1,32.91,33.38,30.65
2019-09-24 - 2019-10-01,12549047,32.56,33.33,33.37,31.77
2019-09-23 - 2019-09-30,5487762,32.05,32.21,32.58,31.31
2019-09-16 - 2019-09-23,55708829,33.72,31.025,35.105,30.02
2019-09-09 - 2019-09-16,25902216,35.44,33.98,35.71,33.16
2019-09-02 - 2019-09-09,25285506,35.175,35.905,36.79,33.73
2019-08-27 - 2019-09-03,22010403,32.51,35.22,35.86,32.5
2019-08-19 - 2019-08-26,39360880,29.99,32.685,33.88,29.95
2019-08-12 - 2019-08-19,83782654,25.56,29.6,30.98,25.3009
2019-08-05 - 2019-08-12,26267477,22.4,25.03,25.1,22.11
2019-07-29 - 2019-08-05,21553502,22.27,22.635,23.19,21.23
2019-07-25 - 2019-08-01,17970541,22.35,23.025,23.685,22.2
2019-07-22 - 2019-07-29,10520893,21.8131,22.395,22.8,21.46
2019-07-15 - 2019-07-22,18334487,20.02,21.7591,22.07,19.97
2019-07-08 - 2019-07-15,23083217,19.43,20.065,20.385,19.25
2019-07-01 - 2019-07-08,26801943,19.925,19.125,20.63,19.11
2019-06-24 - 2019-07-01,18954686,21.39,20.285,21.7,19.8
2019-06-17 - 2019-06-24,19134841,20.8001,20.505,21.14,20.2646
2019-06-10 - 2019-06-17,19812074,20.51,20.96,21.57,19.93
2019-06-03 - 2019-06-10,17114849,19.78,20.515,21.08,19.78
2019-05-27 - 2019-06-03,19609293,19.38,19.8,20.13,18.46
2019-05-21 - 2019-05-28,18299482,20.5,19.365,20.51,19.12
2019-05-13 - 2019-05-20,51895294,21.38,20.28,21.92,19.95
2019-05-06 - 2019-05-13,40722861,21.4601,22.67,23.4,20.64
2019-04-29 - 2019-05-06,27543372,22.485,22.445,23.74,21.61
2019-04-24 - 2019-05-01,13861630,22.145,23.94,24,21.6
2019-04-22 - 2019-04-29,7663189,22,22.13,22.47,21.95
2019-04-15 - 2019-04-22,31854295,23.3,21.865,24.8111,21.76
2019-04-08 - 2019-04-15,22103160,21.94,23.63,23.725,21.51
2019-04-01 - 2019-04-08,32059664,21.7715,21.69,23.3,21.4
2019-03-25 - 2019-04-01,52242845,25.6,21.51,25.63,21.3
2019-03-19 - 2019-03-26,21910256,23.8,24.735,25.085,23.09
2019-03-11 - 2019-03-18,44808869,24.52,23.62,26.44,23.17
2019-03-04 - 2019-03-11,101401054,29.43,24.83,31.17,24.39
2019-02-25 - 2019-03-04,29063600,30.139999,28.459999,31.99,28.01
2019-02-22 - 2019-03-01,6119800,30.27,29.99,30.790001,29.879999
2019-02-18 - 2019-02-25,50016000,30.700001,29.940001,31,28.15
2019-02-12 - 2019-02-19,28583900,27.870001,29.379999,30,27.52
2019-02-04 - 2019-02-11,38839600,26.780001,27.52,28.08,26.530001
2019-01-28 - 2019-02-04,56853500,29.049999,25.950001,31.18,25.5
2019-01-25 - 2019-02-01,4183100,28.93,28.959999,30.879999,28.92
2019-01-21 - 2019-01-28,18699100,28.35,29.209999,30.4,28.209999
2019-01-15 - 2019-01-22,29298300,24,29.5,29.549999,23.889999
2019-01-07 - 2019-01-14,24865800,25.379999,24.99,25.799999,23.52
2018-12-31 - 2019-01-07,21213400,22.860001,26.16,26.700001,22.690001
2018-12-26 - 2019-01-02,9809700,22,22.690001,23.450001,21.5
2018-12-24 - 2018-12-31,1444500,22.52,22.440001,22.68,21.799999
2018-12-17 - 2018-12-24,7042100,20.84,22.059999,22.629999,20.76
2018-12-10 - 2018-12-17,16577800,22.690001,21.129999,23.18,20.5
2018-12-03 - 2018-12-10,19807400,21,23.1,23.379999,19.92
2018-11-26 - 2018-12-03,20077700,24.33,20.610001,25,20.049999
2018-11-19 - 2018-11-26,21740600,22.9,22.959999,23.43,20.85
2018-11-12 - 2018-11-19,39166400,20.43,22.5,24.59,18.610001
2018-11-05 - 2018-11-12,53210300,18.34,20.83,20.959999,16.530001
2018-10-29 - 2018-11-05,19489500,20.190001,18.309999,21.389999,18.01
2018-10-25 - 2018-11-01,24135500,17.860001,20.370001,21.780001,17.860001
2018-10-22 - 2018-10-29,14900000,18.620001,17.65,18.93,17
2018-10-15 - 2018-10-22,33230700,19.700001,18.200001,20.09,17.25
2018-10-08 - 2018-10-15,22061400,21.280001,18.68,21.879999,18.209999
2018-10-01 - 2018-10-08,27573600,20.610001,21.620001,22.879999,20.030001
2018-09-24 - 2018-10-01,27648000,26.23,21.780001,28.18,20.5
2018-09-17 - 2018-09-24,18762200,24.76,26.290001,27.799999,24.219999
2018-09-10 - 2018-09-17,30026700,25.98,25.6,27.879999,22.309999
2018-09-03 - 2018-09-10,56179500,19.68,26.34,30.48,19.309999
2018-08-28 - 2018-09-04,24835400,18.66,19.57,21.18,18.6
2018-08-20 - 2018-08-27,35209300,17.700001,19.35,21.24,17.5
2018-08-13 - 2018-08-20,23884700,18.82,17.219999,19.5,17.200001
2018-08-06 - 2018-08-13,30634600,19.209999,19,20.1,17.58
2018-07-30 - 2018-08-06,27032700,19.219999,19.51,21.9,18.92
2018-07-25 - 2018-08-01,35603900,19.379999,19.07,21.4,18.620001
2018-07-23 - 2018-07-30,27677300,23.309999,22.59,23.9,19.620001
2018-07-19 - 2018-07-26,63136500,26.5,24.6,27.540001,23.209999
